id,locale,title,description,forecast_meaning_direct,forecast_meaning_inverted,created_at,updated_at,rune_id
1,ru_ua,Fehu,"<p><strong>Общее значение:</strong> умножение богатства, финансовое благополучие, успех, подъём.</p><p><strong>Значение для здоровья:</strong> укрепление иммунитета и организма в целом. Избавляет от головокружений. Однако эту руну следует применять с осторожностью во время простуды и жара, так как эта руна повышает температуру. (однако, если вы действительно чувствуете недомогание и(ли) вам поставлен официальный диагноз &ndash; немедленно обратитесь к профессиональному врачу и строго следуйте его инструкциям! В вопросах здоровья полагаться только на руны и любую другую эзотерику ни в коем случае нельзя! Это может использоваться только как вспомогательная или профилактическая мера!).</p><p><strong>Применение:</strong> руна Феу помогает обрести и увеличить материальное благополучие, ускоряет достижение успеха. Эту руну хорошо носить с собой во время совершения покупок, чтобы избежать приобретения некачественных или испорченных товаров. Кроме того, она защищает от негативных влияний и повышает сопротивляемость организма. В долгих отношениях эта руна помогает вернуть страсть и физическое влечение.</p>","<div><p>Представленная руна касается, прежде всего, материальных ценностей. Она может также помогать наладить отношения между представителями разных полов. Она обозначает не только приобретение, но и последующее сохранение.</p><p>Что касается такого значения, как домашний скот, она предполагает материальную выгоду. Прямая позиция данной руны &ndash; непосредственное указание на форму процветания. Кроме прочего, Феу связана с осуществлением чего бы то ни было: если вы к чему-нибудь долго стремились, вы этого обязательно достигнете. Будет преодолено как персональное противодействие в виде другого человека, который расстраивает то, что вы запланировали, так и объективное &ndash; в виде плохой ситуации и ударов судьбы.</p><p>В раскладе на результат данный знак служит указанием на то, что в ваших руках есть все необходимое для победы над злом. Следует лишь применить усердие и напряженно работать.</p><p>Если Феу выпадает в комбинации с рунами, обозначающими любовь, возможно, вас ожидает романтическая выгода. К кому бы вы ни проявили нежные чувства, их примут благосклонно &ndash; необходимо лишь быть достаточно смелым для первого шага.</p></div><p>&nbsp;</p>","<div><p>Данная руна говорит об отчуждении. Могут возникнуть затруднительные ситуации. Например, в жизни может случиться какое-нибудь серьезное расстройство &ndash; потеря собственности, или наступление какой-нибудь сомнительной ситуации. Возможно, вы будете вынуждены наблюдать за постепенным исчезновением того, что вы когда-то для себя приобрели. Поводов для радостей немного и даже если они появятся, слишком бездумно веселиться не следует.</p><p>В любовном раскладе Феу в таком положении предупреждает о спорах и ссорах с близкими и любимыми, а также об ухудшении отношений и недомолвках.</p><p>Может произойти ухудшение эмоционального состояния и упадок сил.</p></div>",2022-03-27 11:20:30+03,2022-03-27 11:20:30+03,1
2,ru_ua,Uruz,"<p><strong>Общее значение:</strong> большая сила, быстрые и неожиданные изменения.</p><p><strong>Значение для здоровья:</strong> увеличивает физическую силу, устраняет страх чем-нибудь заболеть (ипохондрию), помогает женщинам с проблемами репродуктивной функции. Применяется в период выздоровления для поддержания сил. (однако, если вы действительно чувствуете недомогание и(ли) вам поставлен официальный диагноз &ndash; немедленно обратитесь к профессиональному врачу и строго следуйте его инструкциям! В вопросах здоровья полагаться только на руны и любую другую эзотерику ни в коем случае нельзя! Это может использоваться только как вспомогательная или профилактическая мера!).</p><p><strong>Применение:</strong> ускоряет перемены и реализацию планов. Вдохновляет и усиливает творческую энергию. Мужчину делает сильнее, а женщину &ndash; привлекательнее. Помогает добиться любви и завязать дружбу, а так же восстановить разрушенные отношения.</p>","<div><p>В таком положении Уруз говорит о том, что должно начаться время новых начинаний, старые дела должны быть завершены и их необходимо отпустить. Границы жизни уже преодолели умирающую стадию ради преобразования в новую форму. Это в определенном смысле указывает на смерть, произошедшую внутри человека, а также на новые возможности, которые поначалу могут показаться потерей. Возрождение начнется из пепла прошлых действий и явлений.</p><p>Поскольку Уруз символизирует дикого быка или зубра, она почти аналогична Феу. Но если Феу &ndash; это бык, далекий от дикости, домашний и вполне предсказуемый, то Уруз является буйной энергией жизни, которая принадлежит отважному зубру. Зубр символизирует мужественность и указывает на хорошее здоровье и активную сопротивляемость человеческого организма.</p><p>Иногда это указание на представителя мужского пола в его взаимоотношениях и связано с сильными эмоциями. Кроме того, это может быть воля человека, который задает вопрос &ndash; чего же он в действительности желает?</p><p>Также руна отличается особенным мужеством. Она правит изменениями, имеющими неожиданный характер. В результате таких изменений человек спешит обратиться к самому себе для использования сил, предоставленных руной. Такие изменения могут оказаться природными, и не стоит проходить мимо них.</p></div><p>&nbsp;</p>","<div><p>В перевернутом положении Уруз означает дезорганизованную силу и возможности, которые были упущены. Начинает казаться, что с вами борются вашими же силами. Это своеобразный и тревожный сигнал, намекающий на определенные неудачи в будущем. Вот почему необходимо серьезно проанализировать свою личность и не сворачивать на темную дорогу со светлого пути. Будучи на мели, все равно необходимо учиться нырять.</p><p>Вы не сможете использовать момент из-за болезни или невысокой жизненной энергии. Однако не следует огорчаться, так как если рядом оказались положительные руны, то возможны и хорошие перемены.</p></div>",2022-03-27 11:20:30+03,2022-03-27 11:20:30+03,2
3,ru_ua,Thurisaz,"<p><strong>Общее значение: </strong>позволяет сохранить вокруг порядок, стимулирует вдохновение.</p><p><strong>Значение для здоровья:</strong> помогает при неожиданной болезни, которая сопровождается тяжелым состоянием. Облегчает ревматизм, лечит камнеобразование, помогает мужчинам с расстройством репродуктивной функции. (однако, если вы действительно чувствуете недомогание и(ли) вам поставлен официальный диагноз &ndash; немедленно обратитесь к профессиональному врачу и строго следуйте его инструкциям! В вопросах здоровья полагаться только на руны и любую другую эзотерику ни в коем случае нельзя! Это может использоваться только как вспомогательная или профилактическая мера!).</p><p><strong>Применение:</strong> облегчает достижение цели в трудной ситуации. Наводит на размышления, помогает здраво оценить ситуацию и избежать неверного решения. Способствует концентрации и медитации. Позволяет выйти на контакт с собственным подсознанием. Защищает от обмана и мошенничества.</p>","<p>Турисаз обозначает ворота, к которым не следует приближаться без предварительного глубокого анализа. Даже прохождение через них невозможно, если не размышлять. Прошлая жизнь остается позади, а о прошлых победах, радостях и печалях остается только память. Осмотрите все вокруг, чтобы благословить и отпустить. Затем смело делайте шаг за врата.</p><p>Руна обозначает также острый шип, молот Тора &ndash; &laquo;Мьёльнир&raquo;. Бог использует это оружие, чтобы защищать людей и богов.</p><p>Знак ассоциируется с протекцией и удачей, тем более, если оказывается возле Альгиз. Порою это подразумевает непредвиденную удачу, свалившеюся вам на голову, источник которой совершенно неизвестен. Вам лишь повезет оказаться там, где и когда это необходимо. Но в некоторых случаях Турисаз появляется в раскладе, чтобы показать, что везение скоро закончится. Так что не нужно быть слишком самоуверенным и расчитывать на дальнейшую удачу. Необходим критический анализ сложившейся ситуации &ndash; это поможет вам не броситься вперед, сломя голову.</p><p>Иногда руна указывает на отсутствие справедливости или слишком большое упрямство. Ведь не так уж легко достичь желаемого результата.</p><p>Комбинируясь с Хагалаз или Иса, этот знак сообщает о необходимости отложить попытки хотя бы временно (пусть расклад скажет, на какой срок). Если же отмечается комбинация с Манназ &ndash; спешите спросить совета у мудрых людей.</p>","<p>В таком положении Турисаз обозначает вашу слабость и зависимость от внешних обстоятельств. Следовательно, следует поразмыслить о текущей ситуации, проанализировать окружающую обстановку и сделать правильные выводы.</p><p>Нередко люди обманывают себя, выбирая совсем не те мотивы, которые им нужны и, соответственно, создают множество новых проблем, которые оказываются еще более неприятными по сравнению с изначальными затруднениями.</p><p>В принципе, особой разницы между прямой и обратной позицией у Турисаз нет. Необходимо лишь быть более внимательным к тому, что может сообщить руна и к ее комбинациям с другими символами. Учитесь анализировать ситуацию и относиться к ней правильно.</p>",2022-03-27 11:20:30+03,2022-03-27 11:20:30+03,3
4,ru_ua,Ansuz,"<p><strong>Общее значение</strong>: &nbsp;усиливает тягу к знанием и способность их применить. Облегчает взаимоотношения с людьми. Стимулирует творческое мышление.</p><p><strong>Значение для здоровья</strong>: благотворно влияет на органы чувств, облегчает мигрени и заикание. Полезна при болезнях горла и полости рта. (<em>однако, если вы действительно чувствуете недомогание и(ли) вам поставлен официальный диагноз &ndash; обратитесь к профессиональному врачу и строго следуйте его инструкциям! Полагаться только на руны и любую другую эзотерику ни в коем случае нельзя!</em>)</p><p><strong>Применение</strong>: помогает понять неочевидное. Помогает найти контакт со своим внутренним &laquo;я&raquo;. Помогает сдать экзамен, заключить выгодный договор.</p>","<div><p>В данном положении Ансуз обозначает руку посланника. Это означает, что вы можете ожидать всевозможные подарки судьбы. Даже получение предупреждения следует рассматривать в качестве дара. При встречах с людьми проявляйте внимательность &ndash; тем более, это касается случайных встреч с более мудрыми и пожилыми. Вы обретете чувство абсолютного единства.</p><p>Она является указанием на слова, которые были произнесены. Также она говорит о некоем совете, которым необходимо воспользоваться и о мудрости, которую необходимо понять. Кроме того, возможно, вам предстоит какой-нибудь жизненный экзамен.</p><p>Ансуз говорит о том, что вам необходимо быть осторожным, более вдумчивым и прислушиваться к рекомендациям старших и мудрых. Такие советы могут исходить от родителей или уважаемых людей, а потому отношение к ним должно быть максимально внимательным.</p><p>Комбинируясь с Беркана, руна предполагает полезный совет от родственника. Комбинация с Отал обозначает совет от пожилого родственника. Наконец, с Йер она обозначает помощь юриста или же чиновника с важной должностью.</p><p>Бывает и так, что появление Ансуз в раскладе обещает в будущем обучение новой специальности или столкновение с такими жизненными ситуациями, с которыми вы в прошлом никогда не сталкивались. Будьте готовы к тому, что вам поможет человек, к мнению которого следует прислушаться и который вас сможет многому научить.</p></div>","<div><p>Ключевым словом в таком положении символа является тщетность. Возможно, вы многое не понимаете и совершаете ложные манипуляции. Следует бороться со своим унынием. Данный знак указывает на неизбежность текущей ситуации и одновременно ее своевременность.</p><p>Вас, наверняка, беспокоит прерванная связь или недостаточное понимание окружающих.</p><p>В некоторых случаях Ансуз обозначает обман. В этот период времени необходимо быть осторожным, не верьте никому с первого слова и анализируйте все поступки окружающих вас людей. Рядом с руной Одина &ndash; данный символ говорит о вечном студенте, получающем знания ради самих знаний.</p></div>",2022-03-27 11:20:30+03,2022-03-27 11:20:30+03,4
5,ru_ua,Raidho,"<p><strong>Общее значение</strong>: циклическое развитие, рост, дорога, движение. Помогает принимать здравые решения.</p><p><strong>Значение для здоровья</strong>: помогает при ревматизме и подагре, проблемах с жкт. (<em>однако, если вы действительно чувствуете недомогание и(ли) вам поставлен официальный диагноз &ndash; немедленно обратитесь к профессиональному врачу и строго следуйте его инструкциям! В вопросах здоровья полагаться только на руны и любую другую эзотерику ни в коем случае нельзя! Это может использоваться только как вспомогательная или профилактическая мера!</em>)</p><p><strong>Применение</strong>: защищает во время путешествий, оберегает транспортные средства. Помогает при судебных разбирательствах. Помогает найти решение проблемы, компромисс. Помогает избегать ссор и споров, помогает в бизнесе.</p>","<div><p>Райдо в данном положении обозначает связь и обретение гармонии между двумя сторонами и двумя элементами. Длительное путешествие заканчивается окончательным воссоединением. Верхние, а также нижние пределы сливаются в единое целое. Если вы будете достаточно чистым, сможете действовать правильно. Нужно лишь довериться процессу.</p><p>Руна обозначает повозку. Она символизирует поездки, предприятия и визиты, которые необходимы для вашего удовольствия. Иногда такой смысл может быть аллегорическим &ndash; путешествие, как некое движение души, духовное развитие. Наконец-то настало время для саморазвития. Если вы уже выбрали для себя духовный путь, продолжайте придерживаться его.</p><p>Это указание на хороший шанс для переговоров и дискуссий. Наступает время, которое благоприятно для принятия логических выводов и формирования стратегических решений.</p><p>Что касается финансовых областей, Райдо указывает на время для покупок, а также продаж. Кроме того, это получение информационных данных или неожиданных сообщений.</p><p>Нередко это указание на вашу нерешительность, связанную с решением проблемы. Необходимо быть осторожнее, если вы не уверены, что предполагаемое вами решение вам подходит, лучше на него не полагаться. При выпадении руны с другими отрицательными рунами &ndash; вам следует не доверять другим людям. Комбинация с Перт обозначает нарушенные обещания. Комбинация с перевернутой Альгиз говорит о возможности быть обманутым.</p></div>","<div><p>Райдо свидетельствует о неожиданности. Следует быть внимательнее к каждому человеку, встречаемому в повседневной жизни. Общаясь с друзьями, следует быть максимально осторожным.</p><p>Личные отношения также требуют внимательности. Вероятность расставаний гораздо более вероятна, чем встреч и примирений. Чтобы оставаться в хорошем настроении вам придется приложить достаточно много усилий.</p><p>Еще Райдо может являться символом путешествия или поездки, избежать которого будет практически невозможно. Это может быть как посещение заболевшего родственника, так и указание на других людей, решивших вас посетить, когда вам это не совсем удобно.</p></div>",2022-03-27 11:20:30+03,2022-03-27 11:20:30+03,5
6,ru_ua,Kennaz,"<p><strong>Общее значение:</strong> пробуждает аналитические способности, энтузиазм и обеспечивает ясность ума. Приближает успех.</p><p><strong>Значение для здоровья</strong>: снимает жар. Предотвращает и уменьшает воспаления. Помогает при проблемах с желудком и поджелудочной железой. Помогает при ожогах и проблемах с репродуктивными органами. (<em>однако, если вы действительно чувствуете недомогание и(ли) вам поставлен официальный диагноз &ndash; обратитесь к профессиональному врачу и строго следуйте его инструкциям! Полагаться только на руны и любую другую эзотерику ни в коем случае нельзя!</em>)</p><p><strong>Применение</strong>: ускоряет исполнение желаний и достижение целей. Помогает найти ответы или правильный путь. Охраняет здоровье. Вдохновляет. Пробуждает страсть в отношениях.</p>","<div><p>Руна обозначает раскрытие, рассеивание темноты и наступление света.</p><p>Хотя вы и являетесь ограниченными и зависимыми в своих действиях, но одновременно служите центром и источником гармонии, а также благоприятных сил. Пусть ранее вам приходилось действовать в темноте, сегодня достаточно света для понимания того факта, что именно вы стали пациентом.</p><p>Кано обозначает огненный элемент, однако если сравнивать ее с Феу, то такое пламя факела будет дружественным, теплым и вполне контролируемым. Знак наделяет жизненной энергией. Наряду с Уруз он свидетельствует о хорошем здоровье и возможности восстановить силы в оперативном порядке.</p><p>Помните о том, насколько важной является ваш позитивный настрой. Если у вас имеются какие-нибудь проблемы, то при появлении этой руны они быстро разрешатся.</p><p>Прямая позиция также связана с защитой, которая обеспечивается этим знаком. Вас одолевают тревоги? Значит, наступило время для передышки. Пока что ваши испытания могут быть контролируемы и их будет не так уж много.</p><p>Вот и время для благоприятных возможностей, когда должно прийти что-нибудь хорошее. Начинайте новые отношения, возможно, даже романтические. Когда Кано затрагивает любовные отношения, обычно это касается представителя мужского пола, который должен что-то преподнести представительнице женского пола. Причем, дар не обязательно будет материальным &ndash; это может быть и словесное преподношение.</p></div>","<div><p>Обозначает помрачение и возможные потери. Какой-нибудь из аспектов вашей персоны может быть разрушен. Соответственно, необходимо будет отказаться от того, что уже отжило.</p><p>Ситуация, во время которой случится потеря, может быть любой. Может погибнуть брак, казавшийся успешным, или долгая и верная дружба. Такое прошлое лучше отбросить, даже согласившись на внутреннюю пустоту. Бояться не следует, именно это и рекомендует Кано.</p></div>",2022-03-27 11:20:30+03,2022-03-27 11:20:30+03,6
7,ru_ua,Gebo,"<p><strong>Общее значение</strong>: Соединение и объединение, любовь, щедрость</p><p><strong>Значение для здоровья</strong>: Укрепляет нервную систему, успокаивает нервный тик и невралгию. Помогает при сексуальных расстройствах и заболеваниях половых органов. (<em>однако, если вы действительно чувствуете недомогание и(ли) вам поставлен официальный диагноз &ndash; обратитесь к профессиональному врачу и строго следуйте его инструкциям! Полагаться только на руны и любую другую эзотерику ни в коем случае нельзя!</em>)</p><p><strong>Применение</strong>: Притягивает любовь и помогает выбрать наилучшего кандидата в партнёры. Укрепляет сложившиеся романтические и сексуальные отношения. Приводит в гармонию душу и тело. Объединяет, укрепляет партнёрство в делах. Обеспечивает успех делам, совершенным с кем-то в партнёрстве.</p>","<div><p>Реальное сотрудничество возможно лишь между теми людьми, которые самостоятельны и являются целостными и особенными личностями. Знак означает дарование свободы, оказывающей влияние на происхождение всех остальных подарков.</p><p>Гебо, действительно, представляет собой дар, который радует сердце, стоит лишь увидеть ее выпавшей раскладе.</p><p>Если вы являетесь &laquo;бездомным странником&raquo;, то выпадение в гадании Гебо будет говорить о некоем приобретении, то есть, если у вас ничего нет, ожидайте получение некоего имущества.</p><p>Гебо сочетает в себе сразу пару рун Иса, поскольку ей по силам объединить энергии нескольких личностей для организации большой силы. Индивидуумы объединяются, чтобы достичь определенной цели.</p><p>Оставляйте свободное пространство, чтобы туда проникали небесные ветра. Благодаря этому сотрудничество приобретет вдохновенность и священство. Руна является гармонией женской, а также мужской сущности и, соответственно, заканчиваются все конфликты. Кроме того, это баланс умственного с физическим.</p><p>Ее действие практически всегда позитивно, поскольку знак предвещает благоприятный результат всех дел, которые вы начнете.</p><p>Гебо является символом, указывающим на партнерство, касающееся не только деловых, но и любовных отношений. Она часто свидетельствует о романтических чувствах &ndash; об укреплении каких-нибудь долгих взаимоотношений или даже брака. Слушайте собственную интуицию.</p><p>Руна обозначает также щедрость, которая войдет в вашу судьбу. Возможно, это окажется эмоциональным и любовным даром или же очень своевременным материальным подарком.</p><p>Иногда она показывает на эмоциональное происхождение вашей проблемы. Нередко она обозначает конец тревог, наступление согласия и спокойствия. Вы определенно сможете достичь всех целей, которые поставили перед собой, стоит лишь окружить себя светлым и ясным пространством и позволить ему постоянно пребывать с вами.</p><p>Символ единения и партнерства, спокойствия и безмятежности.</p></div>","",2022-03-27 11:20:30+03,2022-03-27 11:20:30+03,7
8,ru_ua,Wunjo,"<p><strong>Общее значение</strong>: Победа, радость, освобождение энергии, достижение поставленных целей, безусловная любовь, слава</p><p><strong>Значение для здоровья</strong>: действует успокаивающе. Повышает иммунитет, помогает при инфекционных заболеваниях. (<em>однако, если вы действительно чувствуете недомогание и(ли) вам поставлен официальный диагноз &ndash; немедленно обратитесь к профессиональному врачу и строго следуйте его инструкциям! В вопросах здоровья полагаться только на руны и любую другую эзотерику ни в коем случае нельзя! Это может использоваться только как вспомогательная или профилактическая мера!</em>)</p><p><strong>Применение</strong>: Помогает выбрать наилучший момент для &nbsp;действий. Ускоряет достижение целей и осуществление желаний. Притягивает счастье. Помогает в минуты грусти и депрессии. Укрепляет командный дух.</p>","<p>Вуньо в прямом положении является плодоносной ветвью. Эпоха мучений уже позади и вы, в определенном смысле, смогли отыскать себя. Можно получить заслуженные результаты, которые могут касаться как материальных ценностей и неожиданных сюрпризов, так и эмоциональных вознаграждений.</p><p>Даже если раньше энергия была заблокирована, она окажется открытой и будет сопровождаться радостью.</p><p>Вуньо связана с радостью и если она выпадает в прямой позиции, то будьте готовы к &nbsp;счастью и благополучию, входящим в вашу судьбу. Руна является прекрасным и радостным предзнаменованием.</p><p>Когда этот знак сочетается с остальными рунами, вы сможете достигнуть успеха в тех областях, которыми они управляют. Если Вуньо комбинируется с рунами, связанными с любовными отношениями, наверняка, речь пойдет о сильном и глубоком чувстве. Такая руна может указывать на человека, которого вы любите и к которому вы привязаны. Соответственно, это может быть указанием на какие-то совместные действия, которые закончатся успехом.</p><p>Представленная руна нередко выпадает артистам, художникам, остальным творческим людям, показывая, насколько творчество важно для их благополучия.</p><p>Но если Вуньо в гадании характеризует кризисную ситуацию, это следует понимать как наступление достаточно сложного, но не застойного периода. Вы словно находитесь в темной воде, однако свет отсутствует временно. Пока же учитесь видеть даже в темноте.</p><p>Следует указать на длительность и трудность процесса рождения, тяжесть кризиса. Переплетение света и тени все также актуально. Необходимо размышлять. Вы сами увидите, что все происходящее на данный момент представляет собой испытание. Будьте сосредоточены на том, что происходит в настоящий момент. Следует верить в собственные силы и тогда все должно получиться.</p>","<div><p>Если данный символ выпал перевернутым, его значение окажется противоположным изначальному. Если вы что-то задумали, то ожидание результата будет слишком долгим и, соответственно, ныне переживаемое время &ndash; самое сложное.</p><p>Если такой вариант еще и комбинируется с Эваз, это предсказание неудачной поездки, во время которой могут произойти поломки или аварии.</p></div>",2022-03-27 11:20:30+03,2022-03-27 11:20:30+03,8
9,ru_ua,Hagalaz,"<p><strong>Общее значение</strong>: восстановление утраченного равновесия</p><p><strong>Значение для здоровья</strong>: помогает при проблемах и травмах костей, зубов и дёсен. А также защищает от травм и ускоряет выздоровление. (<em>однако, если вы действительно чувствуете недомогание и(ли) вам поставлен официальный диагноз &ndash; немедленно обратитесь к профессиональному врачу и строго следуйте его инструкциям! В вопросах здоровья полагаться только на руны и любую другую эзотерику ни в коем случае нельзя! Это может использоваться только как вспомогательная или профилактическая мера!</em>)</p><p><strong>Применение</strong>: помогает сохранять спокойствие в стрессовой ситуации. Помогает преобразовать негативные ситуации в позитивные. Защищает. Усиливает интуицию. Охраняет от стороннего психоэнергетического воздействия.</p>","<div><p>Природные силы, которые разрушают. Главными качествами руны считаются обновление, обретение свободы и некие изменения.</p><p>Возникает необходимость быть свободным от реальности и материального мира. Вы не можете повлиять на деструктивный ход событий, так как действуют могущественные силы. Впрочем, их форма и методы воздействия бывают разнообразными. Лучшими словами, описывающими эти силы, являются следующие: &laquo;полный разрыв&raquo;.</p><p>Еще одним значением данного символа является град. Хагалаз обозначает задержки, а также ограничения. Вы не можете контролировать разрушение, которое происходит в стихийном беспорядке. Оно может нести в себе как положительную, так и отрицательную энергию. Но, поскольку силы, воздействующие на вашу судьбу, абсолютно к ней безразличны, то в результате доминирует негативное значение случающихся разрушений.</p><p>Нередко Хагалаз выпадает в раскладе, если люди думают серьезно в чем-нибудь рискнуть. Соответственно, руны, которые окружают Хагалаз, указывают, насколько оправданным является данный риск. Например, комбинируясь в гадании с Феу и Йер, она свидетельствует об успехе мероприятия, но только после очень серьезной работы и приложения определенных усилий. Комбинируясь с Перт Хагалаз намекает на нежданную выгоду. Когда же вышеуказанные руны оказываются в перевернутой позиции, указания несут негативный оттенок и, соответственно, рисковать не имеет смысла.</p><p>Бывает так, что выпав &nbsp;в раскладе она указывает на зависимость вашего будущего от другого человека, который, собственно, к нему безразличен.</p><p>Данный символ твердо указывает на отсутствие необходимости что-либо начинать в ближайшее время. Ничего хорошего не принесет и борьба с жизненной судьбой и старания преодолеть обстоятельства. Лучше сделать шаг назад и доверить себя жизненным волнам.</p><p>Иногда знак оказывается предсказанием естественного жизненного события, которое принесет разрушение &ndash; например, заболевание, роды и даже потеря близкого. Это, как правило, крупное разрушение, однако временное, то есть, длящееся лишь определенный промежуток времени.</p></div>","",2022-03-27 11:20:30+03,2022-03-27 11:20:30+03,9
16,ru_ua,Sowilo,"<p><strong>Общее значение</strong>: юношеский задор, усиление энергии</p><p><strong>Значение для здоровья</strong>: регулирует движение энергии в организме, помогает сосредоточиться. Укрепляет дыхательные пути. (<em>однако, если вы действительно чувствуете недомогание и(ли) вам поставлен официальный диагноз &ndash; немедленно обратитесь к профессиональному врачу и строго следуйте его инструкциям! В вопросах здоровья полагаться только на руны и любую другую эзотерику ни в коем случае нельзя! Это может использоваться только как вспомогательная или профилактическая мера!</em>)</p><p><strong>Применение</strong>: увеличивает силу и энергию. Усиливает и развивает знания и навыки. Помогает добиться победы. Повышает уверенность в себе. Помогает найти себя. Помогает найти выход в сложной ситуации. Помогает разобраться в запутанных ситуациях, помогает подвести итоги. Регулирует работу чакр. Благотворно влияет на душу и тело.</p>","<div><p>Соулу связана с жизненными силами и целостностью, которая стремится самореализоваться. Необходимо держаться определенного пути &ndash; причем это важно делать из-за того, что в этом нуждается ваша личность, а не потому, что существуют какие-нибудь скрытые причины.</p><p>Воин духа должен найти свою целостность. Однако необходимо помнить о том, что изначально вы принадлежите только самому себе. Осознайте собственную сущность и выражайте ее через творчество и искусство. Благодаря этому знаку вы обретете жизненную силу. Лучше сделать шаг назад перед ситуацией, чтобы не тратить энергию. Соулу рекомендует осветить тайную жизненную силу.</p><p>Наряду со знаком Тейваз Соулу считается победоносной и предвещает успех. Необходимо указать на огромную силу представленной руны, демонстрирующей большую энергию, которой вы обладаете. Она производит существенные жизненные изменения.</p><p>Вы получаете способность преодолеть все внешние и внутренние сопротивления. Появление руны может свидетельствовать о тяжелом уроне из-за перенапряжения или беспокойства. Нередко она говорит об эгоцентричном человеке, берущем на себя всю ответственность за все свои поступки. Если же у него не получилось это сделать, он будет обеспокоен и беспомощен.</p><p>Руна непосредственно связана с хорошим состоянием здоровья, большой внутренней энергией и активным состоянием всего человека.</p><p>Бывает и так, что Соулу несет позитивные ответы человеку, задающему вопросы о собственном здоровье. Соответственно, можно смело ожидать выздоровления или существенного улучшения ситуации для того, кто обременен болезнями физического или психологического характера.</p><p>Не зря данный знак напрямую касается солнечной энергетики и буквально наполнена позитивным потенциалом. Ее выпадение всегда связано с будущим успехом и потому знак можно смело называть победоносным.</p></div>","",2022-03-27 11:20:30+03,2022-03-27 11:20:30+03,16
10,ru_ua,Nauthiz,"<p><strong>Общее значение</strong>: защита, самосохранение, выносливость, самодостаточность, терпение.</p><p><strong>Значение для здоровья:</strong> уменьшает ревматические боли и боли в суставах. Укрепляет волосы. (<em>однако, если вы действительно чувствуете недомогание и(ли) вам поставлен официальный диагноз &ndash; немедленно обратитесь к профессиональному врачу и строго следуйте его инструкциям! В вопросах здоровья полагаться только на руны и любую другую эзотерику ни в коем случае нельзя! Это может использоваться только как вспомогательная или профилактическая мера!</em>)</p><p><strong>Применение</strong>: Защищает. Помогает во время медитации. Помогает найти любовь и партнёра. Придаёт силы в трудных жизненных ситуациях. Защищает от без и страданий. Повышает волю к жизни и сопротивляемость трудным ситуациям, проблемам и лишениям.</p>","<div><p>Руна свидетельствует о жестком предупреждении, а также о некоем стеснении в действиях и поступках. Она может являться предупреждением о болезненных неудачах. Наутиз также может обозначать теневые зоны, в которых развитие заторможено, из-за чего может возникнуть слабость, распространяемая и на других. Постарайтесь взглянуть на то, что может притягивать беду, и остановите это. Распланируйте ваши действия так, чтобы трудности смогли бы исправить ваши взаимоотношения с личным &laquo;Я&raquo;.</p><p>Руна говорит, что перед прогрессом должно произойти очищение.</p><p>Наутиз непосредственно связана с задержкой. Она рекомендует быть терпеливым. Даже надоевшие проблемы могут быть разрешены, когда для этого наступит время. Если же вы сильно беспокоитесь, это еще не обозначает, что наступило разрешение проблем.</p><p>Руна говорит, что вам придется преодолеть тяжелую ситуацию, для чего у вас есть все необходимые инструменты. Оккультная литература называет это пересечением бездны. Нередко такое время связано с тяжелыми эмоциональными мучениями. Но вы сможете достойно встретить данный эмоциональный вызов, если заранее будете к этому готовы и преодолеете собственный страх, как и любое другое препятствие. Таким образом, ваш дух сможет достаточным образом закалиться.</p></div>","<div><p>В данном положении руна свидетельствует о внутреннем зле. Она предупреждает, что источник всех ваших неудач связан только с вами и ни с кем другим. Необходимо контролировать не только собственные эмоции, но и поступки. Постарайтесь сохранять веру и старайтесь не допускать уныние.</p><p>Необходимо очищение, после которого ваша воля сможет закалиться, а характер укрепиться.</p><p>Наутиз также предупреждает, что начать следует с трудного и постепенно продвигаться к простейшему. Будьте готовы к тому, что придется столкнуться с собственной темной сущностью. Но ваша злоба должна быть под контролем, а импульсы должны быть максимально сдержанными.</p><p>Важно хорошо подумать, и только затем уже выполнять. Может быть и так, что намеченная вами линия движения будет неправильной.</p></div>",2022-03-27 11:20:30+03,2022-03-27 11:20:30+03,10
11,ru_ua,Isa,"<p><strong>Общее значение</strong>: сохранение приобретенного опыта, внутренняя сила, самоконтроль</p><p><strong>Значение для здоровья</strong>: помогает при проблемах с кожей. Понижает жар. Помогает при менопаузе. (<em>однако, если вы действительно чувствуете недомогание и(ли) вам поставлен официальный диагноз &ndash; немедленно обратитесь к профессиональному врачу и строго следуйте его инструкциям! В вопросах здоровья полагаться только на руны и любую другую эзотерику ни в коем случае нельзя! Это может использоваться только как вспомогательная или профилактическая мера!</em>)</p><p><strong>Применение</strong>: защищает от стресса, помогает организовать своё время и сконцентрироваться на внутренних ценностях. Ускоряет осуществление желаний. Развивает&nbsp; умение решать проблемы и силу воли. Помогает сопротивляться трудным жизненным ситуациям, неудачам и неблагоприятному стечению обстоятельств. Помогает сопротивляться агрессивному поведению, успокаивает конфликты.</p>","<div><p>Застойные явления являются препятствующими. Это может касаться духовной жизни, когда человек оказывается в ситуации, которую не понимает. Иногда Иса говорит об отсутствии достаточных сил для того, чтобы справиться с ситуацией и остается лишь подчиниться течению событий. В данный период на помощь надеется не стоит, а о возможных достижениях можете даже не мечтать. Будьте изолированы и осторожны. Никакого упрямого волевого проявления быть не должно.</p><p>Иса связана с прекращением активных действий. Какие бы ни были у вас планы, их необходимо приостановить и возобновить лишь впоследствии, когда наступит благоприятное время. Не следует ждать положительных достижений. В данное время нужно приготовиться к отсрочкам, задержкам и разочарованиям.</p><p>Впрочем, отсутствие рядом с ней в раскладе отрицательных рун свидетельствует о кратковременном характере проблем. Если говорить о взаимоотношениях, в этой области следует быть готовым к охлаждению.</p><p>Что касается эмоциональных взаимоотношений, здесь проблемы могут принести предательства, нарушения верности, предпринятые другим человеком.</p><p>Появление Иса в окружении других отрицательных рун или в не самом лучшем раскладе указывает на далеко зашедшее охлаждение. Соответственно, уже нельзя ничего спасти и ничему помочь тоже нельзя. В данном случае бросайте старые планы, завершайте дела прошлого и обращайте внимание на новые проекты или же начинайте новые взаимоотношения.</p></div>","",2022-03-27 11:20:30+03,2022-03-27 11:20:30+03,11
12,ru_ua,Jera,"<p><strong>Общее значение</strong>: постепенное развитие. Пошаговое, постепенное продвижение вперёд.</p><p><strong>Значение для здоровья</strong>: нормализует давление, помогает при проблемах с сердечно-сосудистой системой и позвоночником. (<em>однако, если вы действительно чувствуете недомогание и(ли) вам поставлен официальный диагноз &ndash; немедленно обратитесь к профессиональному врачу и строго следуйте его инструкциям! В вопросах здоровья полагаться только на руны и любую другую эзотерику ни в коем случае нельзя! Это может использоваться только как вспомогательная или профилактическая мера!</em>)</p><p><strong>Применение</strong>: помогает сделать выводы из произошедших событий. Предотвращает убытки и помогает достичь успеха в долговременных делах, обеспечивая им благоприятное течение и успешное завершение. Помогает в ежедневных делах, обеспечивает прибыль от работы.</p>","<div><p>Сезон был плодородным и, следовательно, нужно собрать выросший урожай. Знак свидетельствует о благоприятности этого исхода. Он сможет придать вам сил, поддержать прекрасное настроение и внутреннюю уверенность в своих поступках. Также Йер может придать вам сил, чтобы дождаться результата, который, возможно, не будет быстрым.</p><p>Необходимо какое-то время. Соответственно год, как ключевое слово руны &ndash; подразумевает полный цикл, связанный со временем для жатвы. Поскольку почва уже готова, а семена посажены, вам останется лишь ухаживать за будущим урожаем.</p><p>Данная руна связана с получением вознаграждения за определенные усилия, которые были приложены. Кроме того, Йер обозначает справедливость или же законность. Она способна проявляться в качестве указания на озабоченность человека правовыми вопросами притом, что положительный исход вовсе не обязателен.</p><p>Вознаграждение может быть получено, когда энергия уже затрачена, а определенная забота уже сделана. Определенные события должны произойти в конкретное время. Временами причина задержки может носить правовой характер.</p><p>Если позиция Йер в раскладе указывает на положительный результат, он будет окончательным. Но в отрицательном раскладе итог может быть вовсе не окончательным, а только переходным. Возможно, вас беспокоят определенные проблемы, но стоит лишь приложить некоторые усилия и немного постараться и эти проблемы будут облегчены. По крайней мере, вам это по силам и в это необходимо верить от всего сердца.</p><p>Если Йер комбинируется с руной Одина, Наутиз или Хагалаз это может быть прямым указанием на стремление следовать дорогам, которые вам могут не подходить. При этом Один является указанием на то, что следование не своим путем является искушением собственной судьбы.</p><p>Так или иначе, завершение пути все еще возможно, если он выбран правильно и человек обладает достаточной уверенностью в собственных силах.</p></div>","",2022-03-27 11:20:30+03,2022-03-27 11:20:30+03,12
13,ru_ua,Eihwaz,"<p><strong>Общее значение</strong>: целеустремленность,&nbsp; выносливость</p><p><strong>Значение для здоровья</strong>: контролирует обмен веществ, укрепляет печень, помогает при проблемах с желчным пузырём. (<em>однако, если вы действительно чувствуете недомогание и(ли) вам поставлен официальный диагноз &ndash; немедленно обратитесь к профессиональному врачу и строго следуйте его инструкциям! В вопросах здоровья полагаться только на руны и любую другую эзотерику ни в коем случае нельзя! Это может использоваться только как вспомогательная или профилактическая мера!</em>)</p><p><strong>Применение</strong>: помогает принять верное решение. Защищает от лжи и негативных воздействий. Укрепляет целеустремленность. Помогает побеждать. Вселяет надежду. Усиливает паранормальные способности.</p>","<div><p>Выпадение Эйваз может быть свидетельством какого-нибудь препятствия на вашем жизненном пути, для преодоления которого вам необходимо быть терпеливым и настойчивым. Это немного вас задержит, но подобная остановка впоследствии станет толчком, позволяющим развить дальнейшее движение.</p><p>Благодаря испытаниям мы закаляемся, учимся не проигрывать и можем собирать в себе необходимое количество сил для борьбы со сложностями.</p><p>Вместе со всем этим Эйваз говорит, что внутри вас развивается определенное отвращение к вашим поступкам и образу жизни, вследствие которого могут возникать тяжелые ситуации.</p><p>Хотя это и задержит ваше постепенное движение вперед, но потом вы сами увидите все плюсы случившейся задержки. Не время очертя голову стремится вперед, поскольку на данный момент лично вы мало на что способны воздействовать и влиять. Вам следует набраться терпения, и одновременно с этим быть настойчивым и стараться все предвидеть. Только верные действия смогут предотвратить сложности. Пока что придется решать и думать, но не делать. Если решение будет достаточно чистым, впоследствии ее реализация на практике не потребует особых умений и усилий, поскольку сама Вселенная поможет вам его реализовать.</p><p>Поскольку Эйваз еще символизирует тис, нельзя не отметить, что это дерево считается &laquo;мировым&raquo;, оно нормирует сразу девять миров, в которых живут не только люди, но и духи. Непосредственными являются ассоциации описываемого знака с защитой. Значит, вы стремитесь к верной цели, достижение которой со временем вполне возможно.</p><p>Если не будете рваться вперед изо всех сил, то и препятствий особых потом не встретите. Пока что любая задержка нужна и даже полезна, так как у вас нет достаточных сил для влияния на результат. Если же текущие дела можно назвать неважными, выпадение этой руны свидетельствует о том, что все будет прекрасно.</p><p>Предусмотрительность поможет вам не встретиться с трудностями, или же, встретившись, легко их преодолеть.</p></div>","",2022-03-27 11:20:30+03,2022-03-27 11:20:30+03,13
14,ru_ua,Perth,"<p><strong>Общее значение</strong>: жизненные силы, уверенность, постоянство, стабильность</p><p><strong>Значение для здоровья</strong>: увеличивает жизненную силу и энергию, повышает иммунитет.</p><p><strong>Применение</strong>: помогает &nbsp;понять и узнать себя. Помогает раскрыться внутренним способностям и талантам. Избавляет от отрицательного влияния прошлого. Помогает женщине реализоваться в роли партнёрши&nbsp; и матери. Усиливает паранормальные способности и интуицию.</p>","<div><p>Перт может подтолкнуть изменение сознания и существенно облегчает этот процесс. Например, может случиться психическая смерть. Вот почему данный символ важно истолковывать очень осторожно. Ключевым словом является &laquo;поиск&raquo;. Знак связан с познаваемыми силами, поскольку позволяет сблизиться с осознанным и личным &laquo;Я&raquo;.</p><p>Руна олицетворяет небо и силы, которые необходимо познать. Ее воздействие наполнено тайной и скрытым смыслом. Не приложив усилия познать ее не получится. Поскольку руна символизирует поиск, она затрагивает фундаментную основу вашей судьбы. Для некоторых людей она указывает на психологическую смерть и перерождение. Соответственно, следует отпустить прошлое и устремить свой взгляд к будущему.</p><p>Хотя Перт связана с тайной, ее значения в раскладе следует рассматривать с различных сторон. Например, иногда ее считают музыкой или определенным сосудом, в котором проводится некая жеребьевка. Говоря о ней подразумеваются скрытые вещи, тайны, оккультные способности.</p><p>Появление Перт в гадании означает открытие того, что в прошлом было скрытым. Причем, речь идет о позитивном исходе. Она также предполагает неожиданную выгоду и приятные сюрпризы, не исключая денежные выигрыши.</p><p>Тем более, успех возможен в присутствии Турисаз или Один.</p><p>Комбинирование руны с Лагуз, Уруз в эмоциональном плане связана с сексуальной совместимостью людей. Комбинация знака с перевернутыми Уруз или Тейваз &ndash; указывает на текущие взаимоотношения, основанные на сексуальном напряжении.</p><p>Когда же Перт сочетается с отрицательными символами &ndash; возможно заболевание, вылечить которое с помощью традиционной медицины будет крайне сложно.</p><p>Еще она связана с сильными интуитивными или магическими способностями той личности, которая задает ей вопрос.</p></div>","<p>Здесь ключевыми словами считаются &laquo;гибель прошлого&raquo;. Дело в том, что прошлое уже подходит к финальной стадии, а будущее еще не наступило. Соответственно, жизнь должна быть настоящей. Не следует ожидать нового. Прошлые достижения не следует даже вспоминать, так как они мешают настоящему &ndash; то есть, тому времени, когда необходимо изменятся.</p>",2022-03-27 11:20:30+03,2022-03-27 11:20:30+03,14
15,ru_ua,Algiz,"<p><strong>Общее значение</strong>: очищение ауры, умение принимать решение, защита.</p><p><strong>Значение для здоровья</strong>: успокаивает психику и эмоции, помогает достичь гармонии. Улучшает настроение. Помогает обрести внутреннее равновесие. (<em>однако, если вы действительно чувствуете недомогание и(ли) вам поставлен официальный диагноз &ndash; немедленно обратитесь к профессиональному врачу и строго следуйте его инструкциям! В вопросах здоровья полагаться только на руны и любую другую эзотерику ни в коем случае нельзя! Это может использоваться только как вспомогательная или профилактическая мера!</em>)</p><p><strong>Применение</strong>: Помогает избегать травм. Стимулирует работу интеллекта. Защищает имущество, защищает от врагов. Способствует достижению успеха и финансового благополучия.</p>","<div><p>Альгиз &nbsp;говорит о необходимости контроля собственных эмоций при любых жизненных переменах, тех или иных поворотах на жизненном пути и кардинальных сменах курса.</p><p>При каждой новой возможности может возникнуть вероятность неблагоприятного исхода. Описываемая руна же может быть зеркальной поверхностью для воина, воюющего с собственной душой. Его защита напоминает прутья сухого тростника или же кривые лосиные рога, благодаря которым поддерживается свободное пространство.</p><p>Защита возможна лишь при правильном поведении, а потому необходимо быть внимательным к собственному здоровью, контролировать текущие отношения.</p><p>Альгиз также может означать, что на вашу жизнь оказывается благоприятное воздействие, которое раньше не оказывалось &ndash; посредством подсознательных эмоциональных состояний, а также инстинктов. Руна свидетельствует о дружбе и является очень сильным протекционным знаком. Вы получаете защиту от угрозы всех несчастий на определенное время, которое зависит от расклада в гадании.</p><p>Если существует какая-нибудь серьезная угроза, Альгиз будет предупреждением возможного несчастья, благодаря чему его можно будет избежать. Так что руна, на самом деле, оказывается благоприятной.</p></div>","<div><p>Вам необходимо быть гибким. Навряд-ли у вас получится достичь того, к чему вы так стремились, однако существует возможность обойти проблему.</p><p>Данный знак обозначает уязвимость. Возможно, вас обманули, сделали кем-то вроде &laquo;козла отпущения&raquo;.</p><p>Альгиз говорит, что вам необходимо отказаться от текущего предложения. Также следует избегать человека, навязывающего вам свое общество и внимательно контролировать все свои социальные связи.</p><p>Иногда это может говорить о самообмане в желаниях. Может быть, вы хотели что-нибудь получить &laquo;на халяву&raquo; &ndash; вряд ли вам это поможет. В любовных отношениях вам не следует спешить и расширять свой круг знакомств и развивать текущие связи. Если это не в ваших силах, то хотя бы постарайтесь узнать о мотивах нового партнера, пытающегося завести с вами отношения, и о том, каким характером обладает этот партнер на самом деле.</p></div>",2022-03-27 11:20:30+03,2022-03-27 11:20:30+03,15
17,ru_ua,Tiwaz,"<p><strong>Общее значение</strong>: находчивость, решительность, смелость, упрямство, целеустремленность</p><p><strong>Значение для здоровья</strong>: нормализует давление и работу селезёнки. Стимулирует очищение организма от токсинов, помогает при отравлениях. (<em>однако, если вы действительно чувствуете недомогание и(ли) вам поставлен официальный диагноз &ndash; немедленно обратитесь к профессиональному врачу и строго следуйте его инструкциям! В вопросах здоровья полагаться только на руны и любую другую эзотерику ни в коем случае нельзя! Это может использоваться только как вспомогательная или профилактическая мера!</em>)</p><p><strong>Применение</strong>: Устраняет страх, придаёт мужества. Помогает оценить риски при постановке цели. Помогает преодолеть свои слабости. Добавляет решительности и усиливает чувство ответственности за сделанный выбор. Защищает от агрессии и дурных мыслей. Устраняет конфликты. Облегчает достижение цели. Сплочает коллектив.</p>","<div><p>Воля обретается посредством действия. Все, что вы можете сделать &ndash; разрешить ей делать все необходимое в жизни. Так формируется характер. Тейваз рекомендует быть настойчивым и терпеливым.</p><p>Данная руна является по-настоящему победоносной. Она наполнена духом соревнования и нередко связана с битвой честной силы против несправедливости. Вы должны бороться за свою веру, вне зависимости от шансов и тогда вас ожидает успех.</p><p>Тейваз обладает мощной мотивацией, которая указывает на вашу волю к победе и стремление к поставленным целям.</p><p>Ее комбинация с Феу, Уруз или Соулу &ndash; говорит о необходимости продолжать бороться, несмотря на силу противодействия. Комбинируясь с отрицательными рунами, Тейваз говорит о победе противоположной стороны, пусть даже ваша решимость окажется очень сильной.</p><p>В любовных отношениях ее выпадение сулит лишь хорошие предзнаменования.</p><p>Чаще всего руна считается мужской и, соответственно, отвечая женщине, она подразумевает мужчину, который является самым важным в ее судьбе или вот-вот должен войти в ее жизнь и стать таковым. Причем, чаще всего это не супруг, а любовник.</p><p>Если она комбинируется с Перт в перевернутой позиции, основой существующих взаимоотношений является сексуальное притяжение. Если же она комбинируется с Вуньо, вас ожидают очень нежные и долгие отношения.</p><p>Комбинация с Лагуз для женщины является прямым указанием ее доминирующей роли в будущих отношениях.</p><p>Если вы болеете, описываемая руна может обозначать скорое выздоровление.</p></div>","<div><p>В таком положении Тейваз связана с потерей энергии из-за того, что вы делали что-то не так. Следует задуматься о том, правильно ли вы живете. Речь идет не о тяжелой жизненной поре, а о времени для решения внутренних проблем.</p><p>Опасно, что энергия уходит из вас из-за несвоевременных действий. Задумайтесь, насколько правильно вы существуете в окружающем мире. Изучите собственные мотивы, ищите ответы в самих себе, а не в рекомендациях, полученных извне.</p><p>Участие в соревнованиях будет неудачным, энтузиазм погасится, а любовь или дружба не будут верными. На определенном уровне энергетический поток просто остановится.</p></div>",2022-03-27 11:20:30+03,2022-03-27 11:20:30+03,17
18,ru_ua,Berkana,"<p><strong>Общее значение</strong>: забота, защита, способность к близким отношениям, плодовитость</p><p><strong>Значение для здоровья</strong>: сохраняет энергию и укрепляет жизненную силу. Облегчает роды и послеродовой период. Помогает при невралгии. (<em>однако, если вы действительно чувствуете недомогание и(ли) вам поставлен официальный диагноз &ndash; немедленно обратитесь к профессиональному врачу и строго следуйте его инструкциям! В вопросах здоровья полагаться только на руны и любую другую эзотерику ни в коем случае нельзя! Это может использоваться только как вспомогательная или профилактическая мера!</em>)</p><p><strong>Применение</strong>: хранит семью, детей и близких. Аккумулирует внимание на личной жизни и семье. Обеспечивает плодовитость и изобилие. Приносит внутренний покой. Защищает во время беременности, родов и кормления грудью. Помогает найти общий язык с детьми. Способствует личному развитию и творческому вдохновению. Ускоряет ход событий. Увеличивает благосостояние.</p>","<div><p>Береза всегда связана с плодородием. Причем это не обязательно только символический рост, но и реальное продвижение вперед. Прокладывается ваш путь к солнечному рассвету. Однако для этого вам следует быть осторожным и тщательно очистить в своей душе каждый ее уголок. Главное &ndash; осознавать свои действия и поступки.</p><p>Еще Беркана связана с плодовитостью и, нередко, с родами. Как правило, это счастливое семейное событие в том доме, где живет ваше сердце.</p><p>Кроме прямого человеческого рождения, это может быть появление новой идеи. Значит, к делу необходимо подходить осознанно и обдумать все плюсы и минусы. Результат может стать вполне осязаемым, если речь идет о новом проекте. Осуществление любых планов возможно.</p><p>Хотя в прямом положении Беркана обозначает благополучный исход, но если окружающие руны будут негативными, полученный успех вряд ли продлится слишком долго.</p></div>","<div><p>Дальнейшее продвижение затруднено из-за внешних, а также внутренних факторов. Причем, внутренние силы в данном случае преобладают. Еще это может быть символом&nbsp; неважного самочувствия. Но унынию не стоит поддаваться. Постарайтесь внимательно проанализировать возникшую ситуацию и ее возможные последствия.</p><p>Новая жизнь, которую вы желаете начать, может не начаться. Возможно уныние вследствие того, что действовать правильно, тщательно и усердно довольно сложно и обременительно. Все, что вам препятствует, необходимо внимательно изучить. Ваши желания не должны препятствовать исполнению желаний других людей.</p><p>Еще Беркана может являться предвестием семейных проблем, каких-нибудь размолвок и трений. Не нужно воспринимать перевернутую руну в качестве неизбежного рока (если поблизости нет отрицательных рун), она выступает в роли предупреждения. В отдельности Беркана не может быть расколом или непримиримым разногласием.</p><p>Что касается коммерческих дел, вряд ли стоит предпринимать какие-нибудь мероприятия на данный момент, ведь они, наверняка, будут неудачными. Тем не менее, этот символ нельзя назвать абсолютно негативным, даже если его позиция перевернута.</p></div>",2022-03-27 11:20:30+03,2022-03-27 11:20:30+03,18
19,ru_ua,Ehwaz,"<p><strong>Общее значение</strong>: движение вперёд, гармония, инициатива</p><p><strong>Значение для здоровья</strong>: помогает при проблемах мочевыводящих путей. Очищает почки от песка, регулирует работу надпочечников.&nbsp; (<em>однако, если вы действительно чувствуете недомогание и(ли) вам поставлен официальный диагноз &ndash; немедленно обратитесь к профессиональному врачу и строго следуйте его инструкциям! В вопросах здоровья полагаться только на руны и любую другую эзотерику ни в коем случае нельзя! Это может использоваться только как вспомогательная или профилактическая мера!</em>)</p><p><strong>Применение</strong>: помогает достичь гармонии. Укрепляет дружбу. Меняет ситуацию к лучшему. Даёт возможность проявить инициативу. Укрепляет доверие. Улучшает атмосферу в коллективе и командную работу. Упрощает изменения. Защищает от врагов. Защищает во время деловых поездок.</p>","<div><p>В таком положении обозначает время для начала новой жизни, исследования новых мест. Символ периода исправления содеянного, применения новых подходов и модернизации текущей ситуации.</p><p>Эваз олицетворяет непрекращающееся развитие и стабильный прогресс. Изменения без конца и постепенный чувственный рост. Это касается не только дел и взаимоотношений, но и говорит о возрождении из пепла идей и планов.</p><p>Символ предполагает передвижение или смену места. Главным значением является изменение, за которым последует улучшение ситуации, которое ожидалось. Как правило, перемена касается какого-нибудь путешествия.</p><p>Руна оказывается символом развития, а также обязательного прогресса. Если она занимает значимое место в гадании &ndash; это говорит о положительном ответе на вопрос, а исход возникшей проблемы будет успешным. Еще лучше, когда она сочетается с такими рунами, как Йер или Ансуз. Также она указывает на возможность решения беспокоящих проблем с помощью человека, который рассудителен и имеет здравый смысл.</p></div>","<div><p>В таком положении Эваз означает некое препятствие или остановленное движение. Правда, это не предрекает полного провала. Не вините себя, так как сложившаяся ситуация возникла не по вашей вине. Может ожидаться путешествие или возможность для отдыха. В любом случае, унывать не следует, однако следует понимать, что воспользоваться получится далеко не каждой представившейся возможностью для сдвига ситуации с мертвой точки.</p><p>Предпринятые действия можут наткнуться на какое-нибудь препятствие. Виной тому будет не упущенный случай, а отсутствие достаточного количества возможностей.</p><p>Эваз принадлежит к тем рунам, которые в перевернутом виде обретают негативное значение. Однако при окружении позитивными рунами даже в указанной позиции она будет обладать положительным значением. Временами это указание на дальние путешествия (тем более, если она комбинируется с Лагуз). Если же комбинируется с Уруз, то это указывает на какой-нибудь неожиданный сюрприз. При отсутствии вокруг отрицательных рун можно не опасаться плохих перемен.</p><p>При сочетании Эваз с другими отрицательными рунами рекомендуется не торопиться и не совершать поступки, которые не были хорошо обдуманы.</p></div>",2022-03-27 11:20:30+03,2022-03-27 11:20:30+03,19
20,ru_ua,Mannaz,"<p><strong>Общее значение</strong>: мотивация, оптимизм, стремление к совершенству</p><p><strong>Значение для здоровья</strong>: Бодрит, защищает от травм.</p><p><strong>Применение</strong>: проявляет скрытые способности и таланты. Позволяет использовать скрытые возможности. Облегчает общение. Успокаивает врагов.</p>","<div><p>Манназ советует &ndash; постарайтесь быть уступчивым, проявляйте сосредоточенность и умеренность. Пусть это будет самая обычная жизнь, проводимая необычными способами.</p><p>Руна принадлежит человечеству. Она обеспечивает взаимосвязанность и возможность рассчитывать на чью-нибудь помощь в решении проблем. Причем, такая помощь может оказаться просто дельным советом или попыткой занять удобную позицию.</p><p>Комбинируясь с положительными рунами, Манназ указывает на время, когда следует осуществлять новые планы. Если ее окружают отрицательные руны &ndash; будьте осторожны. Возможно, не следует начинать какие-нибудь новые проекты и отложить их до лучших времен. Это яркий сигнал того, что следует быть сдержанным и терпеливым. Также не ждите от окружающих похвалы за достижения прошлых лет.</p><p>Комбинируясь с Перт Манназ обозначает наличие у вас неких магических или интуитивных способностей. В некоторых случаях она является указанием на то, что в ваших взаимоотношениях с окружающими людьми имеются определенные проблемы.</p></div>","<div><p>В данном положении символ свидетельствует о наличии внутреннего врага. Необходимо быть честным и непредвзятым к своему собственному &laquo;Я&raquo;. Может быть, развитие остановилось из-за какой-нибудь преграды, в роли которой могут выступать ваши прошлые переживания и страхи.</p><p>Не следует уделять много внимания окружающим, но перед собой необходимо быть максимально честным. Соблюдая спокойствие, посмотрите в собственную душу и отыщите там то, что мешает вам развиваться. Все внешние враги являются только отражениями вашего внутреннего мира. Если инерция привычек из прошлого будет сломлена, победа над врагами станет возможной.</p><p>Если вы оказались в затруднительном положении, Руна предупреждает, что никто и ничто вам не сможет помочь. Планы могут быть нарушены, при этом не забывайте, &nbsp;что противники не дремлют и могут вам помешать.</p><p>Еще Манназ является верным символом того, что ваши действия идут вам же во вред. Что касается взаимоотношений, это непосредственное указание на вашу эгоистичность &ndash; эгоцентризм оказывается источником каждой проблемы.</p></div>",2022-03-27 11:20:30+03,2022-03-27 11:20:30+03,20
21,ru_ua,Laguz,"<p><strong>Общее значение</strong>: спокойствие, плавное течение</p><p><strong>Значение для здоровья</strong>: укрепляет зрение, способствует лечению заболеваний глаз. (<em>однако, если вы действительно чувствуете недомогание и(ли) вам поставлен официальный диагноз &ndash; немедленно обратитесь к профессиональному врачу и строго следуйте его инструкциям! В вопросах здоровья полагаться только на руны и любую другую эзотерику ни в коем случае нельзя! Это может использоваться только как вспомогательная или профилактическая мера!</em>)</p><p><strong>Применение</strong>: помогает разобраться в себе, своих чувствах и эмоциях. Охраняет любовь, помогает помириться с партнёром. Усиливает женскую сексуальность. Защищает от несчастных случаев. Усиливает паранормальные способности.</p>","<div><p>В таком положении Лагуз обозначает озеро, поток &ndash; воду, которая умеет увлекать за собой. У каждого из нас может быть потребность глубокого погружения в жизнь. Это прямой ответ всем нашим стремлениям к получению наслаждения, а также к удовлетворению наших чувственных потребностей. Вы сможете достичь успеха благодаря интуиции, если сумеете правильно использовать собственные способности. У алхимиков значение данной руны несет значение священного брака.</p><p>Если она комбинируется с Перт &ndash; это говорит об экстрасенсорных возможностях и защите высших сил. Лагуз является прямым указанием на события, которые считаются важными либо на пророческое сновидение, прогнозирующее рискованную ситуацию. Можно достичь успеха, если настроится на внутренний голос.</p><p>Как правило, эту руну считают женской. Ее появление в раскладе говорит о ее способности справиться с любыми неприятностями, которые выпадут на ее долю. Если же Лагуз выпадает мужчине, это указание на то, что рядом с ним будет волевая и сильная женщина.</p><p>Это свидетельство хорошей памяти и обязательных успехов, связанных с обучением и удачным применением воображения. События действуют в вашу пользу, тем более что приближается время отдыха, период переоценки ценностей и пора очищения.</p><p>Также появление этого символа в прямом положении является определенным знаком, указывающим на помощь со стороны окружающих вас людей.</p></div>","<div><p>В данном положении &ndash; знак предупреждения. Возможность срыва. Опасайтесь перенапряжения, вы слишком захвачены идеей достижения того, что может и не случиться. Необходимо опасаться перенапряжения, а от чрезмерных усилий могут возникнуть неприятности. По меньшей мере, никогда не превышайте собственные возможности, не выходите за свои границы.</p><p>Перевернутая руна также предупреждает, что интуиция может обмануть вас, если вы возьметесь за дело, выполнять которое вам не позволяют ваши силы и способности. Или же вам захочется сотворить что-нибудь нехорошее.</p></div>",2022-03-27 11:20:30+03,2022-03-27 11:20:30+03,21
22,ru_ua,Inguz,"<p><strong>Общее значение</strong>: обновление, способность держаться до конца.</p><p><strong>Значение для здоровья:</strong> помогает беременным и бесплодным женщинам. Ускоряет обмен веществ. Способствует похудению (<em>однако, если вы действительно чувствуете недомогание и(ли) вам поставлен официальный диагноз &ndash; немедленно обратитесь к профессиональному врачу и строго следуйте его инструкциям! В вопросах здоровья полагаться только на руны и любую другую эзотерику ни в коем случае нельзя! Это может использоваться только как вспомогательная или профилактическая мера!</em>)</p><p><strong>Применение</strong>: развивает умение убеждать, находить нужные аргументы и оказывать влияние на людей. Помогает расслабиться, снять напряжение. Охраняет и поддерживает новые начинания. Защищает беременность. Помогает сосредоточиться.</p>","<div><p>Ее ключевым словом является &laquo;завершение&raquo;. Сам же знак является благоприятным. Ингуз рекомендует сосредоточить свои силы на том, чтобы закончить начатое дело. Кроме того, необходимо избавиться от груза прошлого. Наконец, предстоит выход из состояния застоя.</p><p>Все ваши начинания должны успешно завершиться. Вы уже обладаете силами для того, чтобы все сделать и приступить к новым начинаниям. Возникновение этого знака &ndash; прямой символ окончания периода &laquo;куколки&raquo;, времени избавления от шелухи прошлого. Также Ингуз говорит об освобождении от напряжения и завершении дела.</p><p>Практически всегда речь идет о позитивной стороне данной руны, и лишь отрицательные расклады и окружение плохими знаками может предсказывать неудачу. Тем не менее, вы обладаете всеми необходимыми силами для завершения любых проектов.</p><p>Кроме прочего, Игнуз дарит облегчение, которое порождается позитивными достижениями и указывает на свободу разума от переживаний и волнений. Необходимо отметить ее особую значимость, которая сигнализирует о чем-то действительно важном в вашей судьбе.</p><p>Это прямое указание на то, что фаза прошлого уже завершена и вот-вот должна родиться новая и более волнующая фаза. Знак указывает на положительную энергию и грядущее освобождение. Если она возникает в раскладе, удача и успех вам гарантируется.</p><p>Ингуз не зря является светлой и несет в себе положительную энергетику. Не забывайте также о мощи и силе представленного знака, благодаря чему он оказывается действенным и оказывает непосредственное влияние на все позитивные события. Перевернутой позиции вследствие симметричности формы здесь не предполагается, и потому данный символ всегда несет положительный заряд и энергетику.</p><p>Все достижения, к которым вы стремитесь, реальны и будут успешными. При этом даже не придется прилагать особых усилий или сильно волноваться, как иногда происходит. Ингуз говорит - все достижения достанутся вам даром, как подарок судьбы.</p></div>","",2022-03-27 11:20:30+03,2022-03-27 11:20:30+03,22
23,ru_ua,Othala,"<p><strong>Общее значение</strong>: талант, достижение цели</p><p><strong>Значение для здоровья:</strong> приводит в равновесие жидкости в организме. (<em>однако, если вы действительно чувствуете недомогание и(ли) вам поставлен официальный диагноз &ndash; немедленно обратитесь к профессиональному врачу и строго следуйте его инструкциям! В вопросах здоровья полагаться только на руны и любую другую эзотерику ни в коем случае нельзя! Это может использоваться только как вспомогательная или профилактическая мера!</em>)</p><p><strong>Применение</strong>: Помогает при покупке собственности. Охраняет собственность, дом, технику. Усиливает житейскую практичность и реализм. Помогает найти выход в сложной ситуации. Помогает развить свои таланты и увидеть собственные недостатки. Увеличивает благосостояние.</p>","<div><p>Наступает время для расходящихся дорог, поэтому следует сбросить старую кожу и прекратить те отношения, которые уже изжили себя. Необходимо подчиниться судьбе и отступить. Однако следует понимать, что отступать нужно четко осознавая свои возможности и имея крепкий тыл. Отал является символом собственности, приобретения или какого-нибудь выигрыша. Но все это будет возможно только после расставания с чем-нибудь.</p><p>Руна собственности, она представлена тем, что покупается за деньги &ndash; земельный участок, квартира или любое другое движимое и недвижимое имущество.</p><p>Иногда она является указанием на человека, рассчитывающего долго работать и, таким образом, удовлетворить собственные желания. Иногда &ndash; символизирует человека, который может быть мечтателем и идеалистом. В некоторых случаях возможно получение помощи от старших по возрасту или давно забытых друзей из прошлого. Наконец, Отал может указывать на наследственные черты.</p></div>","<div><p>В перевернутом значении руна обозначает необходимость быть гибким. Также она может говорить о некоей потере или утрате. Данный символ советует &ndash; не нужно подчиняться никаким авторитетам, так как существует риск убытка.</p><p>Условности и авторитеты не должны связывать ваши действия. Вам нужно быть не жестким, а гибким и текучим. Главное помнить о том, что сколько-бы вы не старались, чего-бы вы не делали, все сделать все равно не получится.</p><p>Еще данный символ обозначает разочарование, задержки, некие препятствия. Это могут быть какие-нибудь трудности, с которыми мы сталкиваемся, если стараемся быстро прогрессировать. Когда руна комбинируется с другими положительными рунами, это указание на возможность будущего успеха. Запаситесь терпением. Кроме того, это может оказаться сигналом &ndash; ваш успех зависит от тщательного отношения к каждой детали.</p><p>Руна Отал в таком положении также показывает, что нельзя рассчитывать на денежную помощь, даже если вы уверены в ее получении. Любое изменение, а также вмешательство в текущее положение вещей окажется абсолютно не действенным и бесполезным. Как бы вы не старались, у вас не получится использовать текущую ситуацию и стечение обстоятельств в собственную пользу.</p></div>",2022-03-27 11:20:30+03,2022-03-27 11:20:30+03,23
24,ru_ua,Dagaz,"<p><strong>Общее значение</strong>: единство, удачное завершение</p><p><strong>Значение для здоровья</strong>: ускоряет заживление ран и выздоровление. Повышает иммунитет. (<em>однако, если вы действительно чувствуете недомогание и(ли) вам поставлен официальный диагноз &ndash; немедленно обратитесь к профессиональному врачу и строго следуйте его инструкциям! В вопросах здоровья полагаться только на руны и любую другую эзотерику ни в коем случае нельзя! Это может использоваться только как вспомогательная или профилактическая мера!</em>)</p><p><strong>Применение</strong>: Помогает в новых делах, поддерживает старые. Помогает завершить период неудач. Смягчает конфликты, объединяет семью. Помогает преодолевать трудности. Стимулирует вдохновение.</p>","<div><p>Дагаз связана с прорывом и трансформацией. Если она появилась в гадании &ndash; следует ожидать настоящий прорыв в деле, самоизменение, трансформация. Состояние должно быть преобразовано полностью. Достаточно лишь поймать жизненный момент, чтобы изменить течение судьбы. Но необходимо верить в то, что делаете - даже если придется прыгать в пустоту.</p><p>Дагаз также может означать эмоциональную смерть и окончание пути. В других случаях руна обозначает достижения, и темнота и бессилие прошлого останутся позади.</p><p>Данный &nbsp;символ также подразумевает рост, достаточно важный период развития и совершенствования. Если она выпадет среди отрицательных рун, это укажет на ваше самообладание, а ваши внутренние силы поспособствуют изменению сложившейся ситуации. Следовательно, отрицательные символы могут быть смягчены при появлении этого знака. Развитие оказывается медленным, однако устойчивым, то есть, не следует ожидать моментального и внезапного успеха. Иногда происходящие изменения оказываются незаметными, но однажды вы просыпаетесь и видите, что мир стал более ярким.</p><p>Дагаз непосредственно касается характера ситуации, в которой вы находитесь. Ее расположение с Вуньо или Хагалаз, если данные знаки оказываются перевернутыми, свидетельствует о том, что вы станете притягивать к себе проблемы, если будете слишком фокусировать на них свое внимание.</p><p>Данный знак может быть связан с жизненными изменениями, могущими быть такими кардинальными, что о прошлой жизни придется позабыть. Если вы не контролируете ситуацию, лучше всего смириться с ней и подождать, пока она сама не улучшится. Внешнее и независящее от вас воздействие способно со временем ее улучшить.</p><p>Также это может быть указанием на происходящее воздействие окружающего мира на ваш образ мышления.</p></div>","",2022-03-27 11:20:30+03,2022-03-27 11:20:30+03,24
77,ru_ua22,FFFF,"<p><strong>Общее значение</strong>: единство, удачное завершение</p><p><strong>Значение для здоровья</strong>: ускоряет заживление ран и выздоровление. Повышает иммунитет. (<em>однако, если вы действительно чувствуете недомогание и(ли) вам поставлен официальный диагноз &ndash; немедленно обратитесь к профессиональному врачу и строго следуйте его инструкциям! В вопросах здоровья полагаться только на руны и любую другую эзотерику ни в коем случае нельзя! Это может использоваться только как вспомогательная или профилактическая мера!</em>)</p><p><strong>Применение</strong>: Помогает в новых делах, поддерживает старые. Помогает завершить период неудач. Смягчает конфликты, объединяет семью. Помогает преодолевать трудности. Стимулирует вдохновение.</p>","<div><p>Дагаз связана с прорывом и трансформацией. Если она появилась в гадании &ndash; следует ожидать настоящий прорыв в деле, самоизменение, трансформация. Состояние должно быть преобразовано полностью. Достаточно лишь поймать жизненный момент, чтобы изменить течение судьбы. Но необходимо верить в то, что делаете - даже если придется прыгать в пустоту.</p><p>Дагаз также может означать эмоциональную смерть и окончание пути. В других случаях руна обозначает достижения, и темнота и бессилие прошлого останутся позади.</p><p>Данный &nbsp;символ также подразумевает рост, достаточно важный период развития и совершенствования. Если она выпадет среди отрицательных рун, это укажет на ваше самообладание, а ваши внутренние силы поспособствуют изменению сложившейся ситуации. Следовательно, отрицательные символы могут быть смягчены при появлении этого знака. Развитие оказывается медленным, однако устойчивым, то есть, не следует ожидать моментального и внезапного успеха. Иногда происходящие изменения оказываются незаметными, но однажды вы просыпаетесь и видите, что мир стал более ярким.</p><p>Дагаз непосредственно касается характера ситуации, в которой вы находитесь. Ее расположение с Вуньо или Хагалаз, если данные знаки оказываются перевернутыми, свидетельствует о том, что вы станете притягивать к себе проблемы, если будете слишком фокусировать на них свое внимание.</p><p>Данный знак может быть связан с жизненными изменениями, могущими быть такими кардинальными, что о прошлой жизни придется позабыть. Если вы не контролируете ситуацию, лучше всего смириться с ней и подождать, пока она сама не улучшится. Внешнее и независящее от вас воздействие способно со временем ее улучшить.</p><p>Также это может быть указанием на происходящее воздействие окружающего мира на ваш образ мышления.</p></div>","",2022-03-27 11:20:30+03,2022-03-27 11:20:30+03,1
